1,Willie,Green,wgreen0@edublogs.org,XPe5I4hP,wgreen0,27/9/1953
2,Eugene,James,ejames1@blogspot.com,uGCt2R,ejames1,7/8/1962
3,Jose,Cole,jcole2@drupal.org,zYTXbd,jcole2,19/6/1991
4,Andrew,Torres,atorres3@devhub.com,lD5Me8Qul5In,atorres3,18/12/1978
5,Teresa,Howell,thowell4@sogou.com,jjESVBvU,thowell4,1/9/1993
6,Terry,Snyder,tsnyder5@amazon.co.uk,0KzcbqYss5T,tsnyder5,15/2/1984
7,Sara,Green,sgreen6@imgur.com,E6hYS1,sgreen6,30/6/1979
8,Adam,Morales,amorales7@statcounter.com,uwaNsw5,amorales7,8/6/1952
9,Phillip,Dixon,pdixon8@fda.gov,hxTwbQyhI,pdixon8,11/3/1990
10,Harold,Franklin,hfranklin9@behance.net,moO02C,hfranklin9,12/10/1946
11,Bonnie,Reyes,breyesa@theglobeandmail.com,q5RPUOQ,breyesa,9/1/1979
12,Doris,Chavez,dchavezb@tmall.com,4xQi0wyr9,dchavezb,3/10/1983
13,Roy,Henderson,rhendersonc@liveinternet.ru,gTZzHbHE,rhendersonc,13/4/1979
14,Lillian,Nguyen,lnguyend@163.com,fPtFdW43uvqm,lnguyend,25/10/1984
15,Wanda,Olson,wolsone@jalbum.net,gtiZJN7xHVc,wolsone,21/8/1962
16,Howard,Williams,hwilliamsf@ucsd.edu,m2aFksl2tHg,hwilliamsf,22/1/1983
17,Carolyn,Warren,cwarreng@ucoz.ru,WGsLRNlhrQ02,cwarreng,28/7/1976
18,George,Knight,gknighth@narod.ru,djM36PHqC,gknighth,27/1/1981
19,Janet,Wagner,jwagneri@yale.edu,c8WdiFzDz,jwagneri,21/1/1974
20,Louise,Gibson,lgibsonj@mlb.com,OH3y0wQp,lgibsonj,13/6/1972
21,Ralph,Crawford,rcrawfordk@addthis.com,ePSxTTzB47VK,rcrawfordk,26/11/1976
22,Virginia,Gardner,vgardnerl@webnode.com,BnHNgt,vgardnerl,26/9/1959
23,Ryan,Jenkins,rjenkinsm@networksolutions.com,9l821eRk5,rjenkinsm,1/3/1995
24,Barbara,Bryant,bbryantn@thetimes.co.uk,JNCF3f4,bbryantn,18/1/1986
25,Teresa,Stephens,tstephenso@mashable.com,OhlyVlzF,tstephenso,28/8/1985
26,Douglas,Wright,dwrightp@woothemes.com,3PpKnIvFH2M,dwrightp,17/12/1994
27,Marie,Stone,mstoneq@marriott.com,ukUzWLMUSgI,mstoneq,7/12/1991
28,Jennifer,Graham,jgrahamr@upenn.edu,TbZG33,jgrahamr,2/1/1981
29,Kenneth,Rose,kroses@statcounter.com,Y1gMIAT0NX,kroses,9/10/1947
30,Jennifer,Sullivan,jsullivant@howstuffworks.com,ZU5yHQcOG,jsullivant,25/8/1991
31,Gloria,Gordon,ggordonu@woothemes.com,r4E5dmL,ggordonu,18/5/1965
32,Alan,Young,ayoungv@virginia.edu,58HKs8,ayoungv,7/11/1990
33,Tammy,Martin,tmartinw@miitbeian.gov.cn,V5hhEJodv7,tmartinw,6/4/1966
34,Ralph,Hunter,rhunterx@mlb.com,245RhjYdoYI,rhunterx,26/2/1968
35,Stephanie,Weaver,sweavery@prlog.org,oXcD2e4Ld,sweavery,14/3/1977
36,Cheryl,Bowman,cbowmanz@paypal.com,4we8jrAfjv,cbowmanz,24/8/1950
37,Arthur,Montgomery,amontgomery10@techcrunch.com,u4tZsr4SByHt,amontgomery10,22/6/1984
38,Jennifer,Gilbert,jgilbert11@census.gov,i72Pck,jgilbert11,8/1/1983
39,Theresa,Hart,thart12@lycos.com,163AwQw4AR,thart12,19/4/1951
40,Kevin,Ortiz,kortiz13@dion.ne.jp,Sw9kwT6rG7,kortiz13,30/5/1976
41,Kevin,Webb,kwebb14@a8.net,aZm9K7TVEbrE,kwebb14,14/3/1976
42,Rachel,Peters,rpeters15@github.io,uKbES9,rpeters15,5/2/1959
43,Clarence,Harrison,charrison16@hc360.com,avADznAe,charrison16,10/10/1965
44,Earl,Rice,erice17@jiathis.com,OnTNUKdfvcjo,erice17,28/1/1990
45,Jacqueline,Thomas,jthomas18@typepad.com,jJsXy6,jthomas18,20/8/1981
46,Earl,Ramirez,eramirez19@nba.com,aKbCuh15O,eramirez19,13/3/1946
47,Julia,Howard,jhoward1a@alibaba.com,rofmxipja,jhoward1a,18/1/1959
48,Kelly,Cruz,kcruz1b@hugedomains.com,bC4IyBZyptS,kcruz1b,3/2/1979
49,Samuel,Price,sprice1c@hp.com,wMscElOGrD,sprice1c,19/9/1950
50,Sean,Ramos,sramos1d@livejournal.com,FLBgHDOgNsH,sramos1d,10/9/1961
51,Jonathan,Smith,jsmith1e@whitehouse.gov,ppsMjo,jsmith1e,30/12/1959
52,Donald,Moreno,dmoreno1f@wiley.com,GHPvoEpIWk,dmoreno1f,10/8/1992
53,Mark,Campbell,mcampbell1g@seesaa.net,iLvGtx,mcampbell1g,31/1/1947
54,Gary,Long,glong1h@twitter.com,eNUv273,glong1h,30/7/1975
55,Cynthia,Robertson,crobertson1i@prweb.com,eDki7ovgl,crobertson1i,8/3/1967
56,Mildred,Olson,molson1j@histats.com,FxQW63Ptef3p,molson1j,22/6/1988
57,Terry,Berry,tberry1k@sogou.com,MsvHG5aixVWm,tberry1k,2/10/1968
58,Kathryn,Henderson,khenderson1l@wikipedia.org,VCUAS0O,khenderson1l,16/3/1957
59,Donna,Sims,dsims1m@huffingtonpost.com,LrWmtKCfnyHn,dsims1m,18/2/1950
60,James,Carroll,jcarroll1n@cocolog-nifty.com,DmS84Nt4H1,jcarroll1n,13/3/1992
61,Alice,Dunn,adunn1o@wired.com,UTu2m5j,adunn1o,22/11/1945
62,Tina,Watkins,twatkins1p@japanpost.jp,EI37uXen,twatkins1p,9/6/1984
63,Katherine,Armstrong,karmstrong1q@quantcast.com,UaVHQz,karmstrong1q,17/12/1968
64,Jason,Ross,jross1r@ow.ly,BcgQqE,jross1r,22/1/1966
65,Jack,Garrett,jgarrett1s@fc2.com,tZlBbv01,jgarrett1s,24/9/1962
66,Bobby,Gutierrez,bgutierrez1t@tinypic.com,z9o4dSQJ,bgutierrez1t,13/7/1969
67,Martin,Henry,mhenry1u@comcast.net,Hz68kXak6,mhenry1u,24/3/1958
68,Gloria,Bowman,gbowman1v@is.gd,Vx48v0iS,gbowman1v,27/4/1980
69,Ann,Jenkins,ajenkins1w@umich.edu,XeWNde2LnWk,ajenkins1w,30/12/1987
70,Brenda,Cox,bcox1x@yelp.com,KFaMnpuA,bcox1x,22/5/1949
71,Nicholas,Crawford,ncrawford1y@epa.gov,N0mK5GSl,ncrawford1y,18/12/1954
72,Judy,Castillo,jcastillo1z@free.fr,LVDLQv,jcastillo1z,20/1/1957
73,Victor,Montgomery,vmontgomery20@businessweek.com,igFKo5p,vmontgomery20,2/8/1957
74,Willie,Carroll,wcarroll21@woothemes.com,5RgdJnRHkx4w,wcarroll21,6/9/1957
75,Bruce,Fuller,bfuller22@e-recht24.de,kdqvH4n7hTl,bfuller22,25/11/1989
76,Tina,Torres,ttorres23@netscape.com,3GJ3UpbYUAGf,ttorres23,14/11/1993
77,Annie,Nelson,anelson24@bizjournals.com,R1NWINKNqY,anelson24,26/10/1960
78,Carol,Howard,choward25@admin.ch,JvHj7voAew,choward25,22/4/1968
79,Louis,Dean,ldean26@state.tx.us,OYOfYaSunpBO,ldean26,1/3/1970
80,Katherine,Morris,kmorris27@admin.ch,14dcChNbj,kmorris27,28/11/1945
81,James,Robertson,jrobertson28@w3.org,OvdhjWfw0M,jrobertson28,5/4/1955
82,Ruth,Long,rlong29@xinhuanet.com,E9nHDxJqO,rlong29,2/12/1984
83,Thomas,Johnston,tjohnston2a@123-reg.co.uk,C4T45NxOj0z,tjohnston2a,8/4/1978
84,Justin,Carter,jcarter2b@bbb.org,dDPtlNYC,jcarter2b,10/7/1959
85,Albert,Kelly,akelly2c@omniture.com,hso9IWuX48Hu,akelly2c,23/7/1956
86,Daniel,Alexander,dalexander2d@cornell.edu,Ck2X4dHhzH,dalexander2d,25/10/1953
87,Billy,Martinez,bmartinez2e@nydailynews.com,HG3noRHg,bmartinez2e,5/11/1963
88,Willie,Evans,wevans2f@soundcloud.com,9l1VBuU9K,wevans2f,5/9/1994
89,Eugene,Duncan,eduncan2g@flavors.me,fVdN6Q,eduncan2g,17/4/1960
90,Theresa,Ortiz,tortiz2h@sfgate.com,X3l3b2qf,tortiz2h,20/9/1992
91,Carol,Hernandez,chernandez2i@moonfruit.com,BYT28ocSz,chernandez2i,29/8/1953
92,Gerald,Rice,grice2j@yelp.com,m2BB1kSp1,grice2j,1/2/1982
93,Mark,Ramos,mramos2k@wired.com,qD9j9hNc,mramos2k,22/4/1956
94,Louis,Black,lblack2l@cornell.edu,Mg0fyNOQcuP,lblack2l,3/10/1964
95,Irene,Wilson,iwilson2m@godaddy.com,oy88TczrPQ5u,iwilson2m,28/8/1956
96,Mark,Perez,mperez2n@ameblo.jp,jPjaFiV,mperez2n,15/10/1967
97,Victor,Scott,vscott2o@addtoany.com,kP5vgI,vscott2o,1/6/1973
98,Lawrence,Mitchell,lmitchell2p@aol.com,nVEOTpP2,lmitchell2p,20/5/1960
99,Bruce,Riley,briley2q@hostgator.com,LzXFytWFIl,briley2q,1/10/1950
100,Julie,Graham,jgraham2r@huffingtonpost.com,Gyw5Yy,jgraham2r,29/9/1950
101,Walter,Lee,wlee2s@domainmarket.com,Du7JI3lAX,wlee2s,12/3/1947
102,Gary,Day,gday2t@51.la,reel5RN,gday2t,21/1/1975
103,Jose,Andrews,jandrews2u@acquirethisname.com,PJl8ltju9P,jandrews2u,21/10/1980
104,Kathryn,Sanders,ksanders2v@europa.eu,MFflHm4cYD,ksanders2v,10/9/1965
105,Karen,Franklin,kfranklin2w@hao123.com,obMdL19KDBRA,kfranklin2w,6/1/1979
106,Terry,Davis,tdavis2x@howstuffworks.com,8A6EkYsDA,tdavis2x,4/3/1961
107,Billy,Oliver,boliver2y@blogspot.com,D4yuE4SJi,boliver2y,14/2/1955
108,Julia,Miller,jmiller2z@example.com,gZGDu2RVV8f,jmiller2z,11/8/1989
109,Russell,Arnold,rarnold30@list-manage.com,I8hIgGao6DnK,rarnold30,15/7/1969
110,Mary,Price,mprice31@ocn.ne.jp,nEwgn7oehenE,mprice31,31/3/1971
111,Beverly,Thompson,bthompson32@ca.gov,jY3IgB5ZT,bthompson32,1/5/1966
112,Martin,Lynch,mlynch33@bandcamp.com,OVfufJ,mlynch33,7/1/1952
113,Angela,Jenkins,ajenkins34@desdev.cn,WOFtsheT,ajenkins34,1/10/1980
114,Matthew,Stephens,mstephens35@yale.edu,hAIHUVR0yBO,mstephens35,18/2/1990
115,Sarah,Meyer,smeyer36@opera.com,ohPn0i7lSgb,smeyer36,4/8/1995
116,Randy,Nichols,rnichols37@arizona.edu,ms0jrkXad8K1,rnichols37,8/12/1963
117,Evelyn,Kelly,ekelly38@ifeng.com,RAh1bU1,ekelly38,11/10/1977
118,Charles,Greene,cgreene39@bloglines.com,c0Hgkv,cgreene39,13/3/1946
119,Roger,Diaz,rdiaz3a@squarespace.com,H1ijo7hfwAm,rdiaz3a,23/4/1996
120,Katherine,Garcia,kgarcia3b@goodreads.com,6abPwfm9fQd,kgarcia3b,31/7/1965
121,Joyce,Little,jlittle3c@twitter.com,DXzXGdM,jlittle3c,2/10/1946
122,Marilyn,Hart,mhart3d@nhs.uk,SVvFwnrLhG0I,mhart3d,4/10/1951
123,Deborah,Lewis,dlewis3e@nba.com,d8bG5noj,dlewis3e,8/10/1958
124,Clarence,Dixon,cdixon3f@shinystat.com,J9v1jPB5seP,cdixon3f,27/2/1957
125,Thomas,Sims,tsims3g@typepad.com,VQBjqsEHD1,tsims3g,27/4/1964
126,Jennifer,Harvey,jharvey3h@drupal.org,qBq2Dn,jharvey3h,13/4/1992
127,Kathryn,Owens,kowens3i@bbb.org,7Vf2Hphha,kowens3i,25/9/1961
128,Heather,Sullivan,hsullivan3j@behance.net,gZlvazaL,hsullivan3j,10/5/1989
129,Jonathan,Simpson,jsimpson3k@slashdot.org,85DI5XcYGe,jsimpson3k,1/5/1946
130,Patricia,Fowler,pfowler3l@squidoo.com,utZrQdnJH0JM,pfowler3l,12/11/1996
131,Jesse,Armstrong,jarmstrong3m@usatoday.com,40EuEBAPGRWP,jarmstrong3m,3/1/1962
132,Anne,Bradley,abradley3n@meetup.com,ZFbRQLjg,abradley3n,2/4/1951
133,Jeremy,Sullivan,jsullivan3o@marriott.com,Z4PjM2yp0Bn,jsullivan3o,10/1/1964
134,Diane,Reynolds,dreynolds3p@unblog.fr,GcyDGOb,dreynolds3p,7/9/1951
135,Raymond,Morales,rmorales3q@deviantart.com,cGiu9TFUx,rmorales3q,12/5/1975
136,Alice,Harvey,aharvey3r@ucoz.com,QO04WkfmOlyL,aharvey3r,15/11/1950
137,Paula,Bell,pbell3s@sohu.com,rKEJpc4hlN,pbell3s,2/6/1994
138,Sandra,Moore,smoore3t@youku.com,HXD1lc1Wt,smoore3t,15/7/1953
139,Cheryl,Martinez,cmartinez3u@va.gov,ctwJoui,cmartinez3u,26/12/1989
140,Judy,Wilson,jwilson3v@artisteer.com,mj8oqK,jwilson3v,30/11/1987
141,Jacqueline,Vasquez,jvasquez3w@ebay.com,4ZCinzPBjU2,jvasquez3w,24/4/1965
142,Mark,Cook,mcook3x@canalblog.com,IvQPZbHX0sz,mcook3x,23/7/1965
143,Anne,Kim,akim3y@gmpg.org,2VVvi1J6l2,akim3y,11/10/1959
144,James,Graham,jgraham3z@wiley.com,JxEMreAjZp,jgraham3z,25/4/1987
145,Brenda,Stewart,bstewart40@sciencedirect.com,JlrqJShKtq,bstewart40,6/9/1951
146,Matthew,Martin,mmartin41@yellowbook.com,yL7bkMIxs,mmartin41,26/1/1955
147,Todd,Graham,tgraham42@shop-pro.jp,xBaTbPL,tgraham42,1/12/1967
148,Russell,Watson,rwatson43@addtoany.com,ruUlJfIj,rwatson43,14/10/1956
149,Clarence,Sanchez,csanchez44@earthlink.net,ZV5bN43,csanchez44,2/3/1974
150,Paul,Willis,pwillis45@spiegel.de,j5xAx0EoLo4,pwillis45,15/12/1986
151,Dennis,Campbell,dcampbell46@cpanel.net,UTuPrXZBK,dcampbell46,20/3/1969
152,Gregory,Fernandez,gfernandez47@free.fr,fNOnvCk,gfernandez47,17/9/1967
153,Johnny,Spencer,jspencer48@vimeo.com,vHiTdi12W,jspencer48,4/5/1965
154,Catherine,Jacobs,cjacobs49@surveymonkey.com,ry9VfT,cjacobs49,11/7/1957
155,Victor,Watson,vwatson4a@mac.com,sGZsnUxYMv9W,vwatson4a,16/4/1990
156,Raymond,Dunn,rdunn4b@edublogs.org,8gU8cKRK,rdunn4b,5/3/1953
157,Marilyn,Walker,mwalker4c@sciencedaily.com,THlPPjkPudM,mwalker4c,12/12/1994
158,Bruce,Dixon,bdixon4d@typepad.com,YXDeac,bdixon4d,30/10/1980
159,Ashley,Gonzalez,agonzalez4e@bravesites.com,nRA6jZ1eO,agonzalez4e,10/8/1960
160,Thomas,Adams,tadams4f@theglobeandmail.com,JNZoOS,tadams4f,31/3/1951
161,Kathryn,Price,kprice4g@fda.gov,8aaRh7,kprice4g,26/8/1977
162,Ronald,Kelly,rkelly4h@sakura.ne.jp,Lmz6hB,rkelly4h,31/10/1967
163,William,Hart,whart4i@hostgator.com,fleO6X,whart4i,24/5/1950
164,Nancy,Edwards,nedwards4j@simplemachines.org,0CqebEZJ3e,nedwards4j,2/1/1964
165,James,Carpenter,jcarpenter4k@yale.edu,pYPN0ZYtV,jcarpenter4k,13/6/1948
166,Ralph,Chavez,rchavez4l@umn.edu,IIs1r9hg,rchavez4l,31/1/1996
167,Irene,Mitchell,imitchell4m@jugem.jp,cBQhdzvVnswQ,imitchell4m,18/12/1963
168,Annie,Clark,aclark4n@myspace.com,ggrbjK,aclark4n,28/10/1992
169,Ronald,Robinson,rrobinson4o@bravesites.com,StSNiAeHRlCs,rrobinson4o,29/4/1967
170,Ralph,Bryant,rbryant4p@google.it,uHtibvqBBT,rbryant4p,6/12/1987
171,Aaron,Payne,apayne4q@oakley.com,iY63HaHS,apayne4q,25/4/1947
172,Brenda,Murphy,bmurphy4r@slideshare.net,cn1K4IX0E5,bmurphy4r,3/7/1957
173,Virginia,Reid,vreid4s@seesaa.net,afwC0q,vreid4s,27/12/1954
174,Irene,Jenkins,ijenkins4t@ca.gov,8Ukk0GYNTh,ijenkins4t,5/5/1984
175,Ronald,Graham,rgraham4u@businessinsider.com,5KEhLVq9Zpmm,rgraham4u,6/4/1986
176,George,Hill,ghill4v@360.cn,NnRRRqbmG,ghill4v,5/10/1962
177,Sara,Sanchez,ssanchez4w@dropbox.com,c6qhnmkpfeDH,ssanchez4w,3/10/1961
178,Terry,Castillo,tcastillo4x@163.com,dtAIMsSga08K,tcastillo4x,25/4/1979
179,Martin,Lewis,mlewis4y@lycos.com,3Q9h2N,mlewis4y,12/1/1989
180,Diana,Alexander,dalexander4z@cnn.com,ES7skZ,dalexander4z,7/1/1950
181,Stephen,Phillips,sphillips50@smugmug.com,fKQzJnMHvBL,sphillips50,3/12/1986
182,Jeffrey,Dixon,jdixon51@sina.com.cn,qSOSM1QrK,jdixon51,31/3/1990
183,Bonnie,Fernandez,bfernandez52@paginegialle.it,MQHpXj,bfernandez52,8/1/1951
184,Philip,King,pking53@state.gov,f53O4VXX,pking53,2/3/1988
185,Diane,Walker,dwalker54@soup.io,1nIYzGSLVf,dwalker54,2/6/1969
186,Terry,Hill,thill55@ehow.com,TQFIK9qsbk,thill55,2/5/1955
187,Keith,Ruiz,kruiz56@cbslocal.com,kPUqDART1J,kruiz56,30/5/1952
188,Joshua,Ford,jford57@macromedia.com,4SQThm,jford57,1/2/1976
189,Lillian,Cook,lcook58@odnoklassniki.ru,OdFVsaySQI,lcook58,5/11/1981
190,Paula,Bryant,pbryant59@imageshack.us,1siI7b1Z,pbryant59,28/4/1955
191,Earl,Morgan,emorgan5a@tinyurl.com,8fOmY6ZhGy,emorgan5a,28/7/1946
192,Raymond,Morris,rmorris5b@microsoft.com,7n5npC,rmorris5b,17/4/1962
193,Philip,Perez,pperez5c@mlb.com,93lYUXM0V9,pperez5c,28/1/1949
194,Christopher,Spencer,cspencer5d@guardian.co.uk,TkifJafMs,cspencer5d,6/4/1983
195,Debra,Payne,dpayne5e@harvard.edu,o2ExTpBr,dpayne5e,22/4/1990
196,Jean,Henderson,jhenderson5f@about.me,lPxNtvVYi,jhenderson5f,16/3/1952
197,Brandon,Ward,bward5g@nationalgeographic.com,MROP8jYS,bward5g,26/8/1970
198,Nicole,Scott,nscott5h@illinois.edu,v3rA0ePvW,nscott5h,21/5/1984
199,Marilyn,Lawrence,mlawrence5i@php.net,eipz3806m,mlawrence5i,8/10/1983
200,Robert,Mcdonald,rmcdonald5j@auda.org.au,y3ClRegAwoi,rmcdonald5j,11/1/1989
201,Betty,Bailey,bbailey5k@ow.ly,XQg2ME,bbailey5k,25/2/1990
202,Jeffrey,Franklin,jfranklin5l@rambler.ru,3L9XGsHj,jfranklin5l,1/1/1974
203,Rebecca,Oliver,roliver5m@ezinearticles.com,eGQ7Xqq,roliver5m,31/5/1984
204,Stephanie,Lynch,slynch5n@tripadvisor.com,vYXeMyw,slynch5n,25/2/1949
205,Matthew,Gomez,mgomez5o@canalblog.com,rYS7uZLMra,mgomez5o,8/6/1967
206,Todd,Harrison,tharrison5p@symantec.com,YhQsDOgtiJL,tharrison5p,5/6/1980
207,Lori,Schmidt,lschmidt5q@last.fm,NBaMDPZ,lschmidt5q,4/12/1985
208,Jane,Torres,jtorres5r@latimes.com,uc5LKDfPIdur,jtorres5r,10/1/1954
209,Christopher,Chapman,cchapman5s@ifeng.com,leIqCB6a,cchapman5s,18/6/1958
210,Juan,Thompson,jthompson5t@mysql.com,ANggLWykL,jthompson5t,3/5/1950
211,John,Ross,jross5u@chronoengine.com,k84stw,jross5u,1/11/1996
212,Phyllis,Sullivan,psullivan5v@hibu.com,HQJIXhCt,psullivan5v,9/11/1964
213,Jesse,Carr,jcarr5w@nytimes.com,OtjMO9Yt,jcarr5w,17/5/1948
214,Carol,Peters,cpeters5x@state.gov,R3EThOc7D,cpeters5x,16/9/1952
215,Joshua,Cooper,jcooper5y@upenn.edu,avs4MmgRVZ,jcooper5y,11/3/1961
216,Kevin,Mills,kmills5z@webs.com,u484fKHuA3,kmills5z,23/1/1994
217,Wanda,Coleman,wcoleman60@time.com,VSoYeo,wcoleman60,21/8/1952
218,Anne,Cole,acole61@booking.com,KaVffOxE,acole61,16/1/1978
219,Walter,Wagner,wwagner62@forbes.com,TNSjpC,wwagner62,10/5/1984
220,Kelly,Watson,kwatson63@1688.com,dpjkWa,kwatson63,27/3/1995
221,Juan,Bishop,jbishop64@reverbnation.com,rmngQ7hW,jbishop64,6/12/1961
222,Jane,Jackson,jjackson65@hao123.com,wbaggb,jjackson65,24/3/1966
223,Bonnie,Carpenter,bcarpenter66@gnu.org,vI8SjZlKyk,bcarpenter66,2/2/1979
224,Ann,Walker,awalker67@ycombinator.com,0c1A8z,awalker67,4/7/1970
225,Janet,Richardson,jrichardson68@cbslocal.com,7OvBXbom7,jrichardson68,12/4/1978
226,Pamela,Thomas,pthomas69@engadget.com,5EdrlqYHo9YX,pthomas69,16/9/1994
227,Jessica,Howell,jhowell6a@networksolutions.com,vUElKDNr,jhowell6a,22/10/1984
228,Philip,Cox,pcox6b@twitpic.com,8jiiYxFHzUn,pcox6b,18/5/1961
229,Howard,Hernandez,hhernandez6c@economist.com,6qlpXaUm,hhernandez6c,16/7/1965
230,Kenneth,Hernandez,khernandez6d@ebay.com,iTj4v0vJSC,khernandez6d,16/4/1959
231,Jean,Bryant,jbryant6e@hostgator.com,Kh4vwCh,jbryant6e,31/3/1970
232,James,Simmons,jsimmons6f@newsvine.com,ECYjt9nxYyn,jsimmons6f,5/7/1983
233,Helen,Jordan,hjordan6g@dot.gov,nLjtqCgc1kL,hjordan6g,5/3/1979
234,Beverly,Murphy,bmurphy6h@imageshack.us,4oEYZQV,bmurphy6h,21/1/1962
235,Paul,Perez,pperez6i@nsw.gov.au,o2XMkX,pperez6i,11/12/1982
236,Laura,Wagner,lwagner6j@last.fm,9nbs8wvDd,lwagner6j,17/6/1969
237,Rose,Hamilton,rhamilton6k@usnews.com,AgFI8yq4v3,rhamilton6k,12/11/1982
238,Wayne,Wheeler,wwheeler6l@edublogs.org,AQLlLKrRl,wwheeler6l,5/6/1994
239,Paul,Hanson,phanson6m@123-reg.co.uk,TwsxIoF,phanson6m,2/2/1987
240,Bobby,Bishop,bbishop6n@huffingtonpost.com,qEoWJCSI8,bbishop6n,4/10/1951
241,Frank,Torres,ftorres6o@weebly.com,Sr1xKhA,ftorres6o,21/8/1977
242,Barbara,Roberts,broberts6p@fastcompany.com,7peyMgnSBM,broberts6p,1/12/1956
243,Judy,Williams,jwilliams6q@hhs.gov,DgiEpgWuFz,jwilliams6q,22/5/1992
244,Maria,Elliott,melliott6r@1688.com,insz8Wly1s,melliott6r,26/6/1970
245,Chris,King,cking6s@chronoengine.com,fAvxOcPnJXD6,cking6s,28/10/1961
246,Brenda,Lawrence,blawrence6t@list-manage.com,wZJKweKRP,blawrence6t,7/12/1949
247,Paul,Watson,pwatson6u@theglobeandmail.com,3LZ7G8jNt,pwatson6u,24/10/1954
248,Albert,Edwards,aedwards6v@fc2.com,enDjGk,aedwards6v,26/4/1979
249,Steve,Howell,showell6w@loc.gov,xXwbxlFfcjHm,showell6w,5/4/1996
250,Doris,Wheeler,dwheeler6x@webmd.com,vujgPII6,dwheeler6x,26/2/1978
251,George,Warren,gwarren6y@moonfruit.com,C7D7bQ5giRG,gwarren6y,30/1/1964
252,Eric,Morgan,emorgan6z@creativecommons.org,77KZI5Voxwqj,emorgan6z,16/6/1992
253,Howard,Roberts,hroberts70@geocities.jp,c0ChQPOKq,hroberts70,5/5/1964
254,Rachel,Frazier,rfrazier71@bloomberg.com,gGDvwo,rfrazier71,27/12/1970
255,Eric,Griffin,egriffin72@latimes.com,1e65mfkAllE9,egriffin72,7/11/1974
256,Sandra,Rivera,srivera73@census.gov,nSvtvsr3LQ48,srivera73,24/3/1993
257,Joe,Gray,jgray74@msn.com,nJGPwQLmXitU,jgray74,10/6/1970
258,Joe,Gardner,jgardner75@sfgate.com,cAZOGt4q,jgardner75,12/10/1988
259,Roger,Arnold,rarnold76@who.int,sYZZ2BvuP,rarnold76,27/4/1954
260,Amanda,Rice,arice77@jugem.jp,GF1lLbKpH2,arice77,3/4/1978
261,Tammy,Bell,tbell78@shutterfly.com,S9MqLyRO,tbell78,15/2/1994
262,Terry,Armstrong,tarmstrong79@mail.ru,UdVSue2,tarmstrong79,29/9/1960
263,Kathleen,Collins,kcollins7a@parallels.com,wbwWa2FI8l,kcollins7a,9/7/1982
264,Victor,Griffin,vgriffin7b@sitemeter.com,crGgQVdeEZ,vgriffin7b,19/10/1965
265,Sharon,King,sking7c@washington.edu,FBohTpbY15,sking7c,9/12/1990
266,Martha,Arnold,marnold7d@hud.gov,9SfhsteLZFH,marnold7d,23/4/1980
267,Victor,Tucker,vtucker7e@jiathis.com,3Iqq6hPdjP,vtucker7e,21/7/1971
268,Joyce,Torres,jtorres7f@army.mil,0YLpgq,jtorres7f,1/11/1954
269,Andrea,Woods,awoods7g@nbcnews.com,0NzeJNAVvZ,awoods7g,26/5/1966
270,Betty,Lynch,blynch7h@aol.com,vdnXm57jSGw,blynch7h,19/1/1990
271,Roger,Kelly,rkelly7i@vkontakte.ru,6qP2MwWNa4uc,rkelly7i,17/5/1968
272,Elizabeth,Montgomery,emontgomery7j@jugem.jp,RjtRrFYmAwK,emontgomery7j,27/7/1988
273,Harry,Hamilton,hhamilton7k@ovh.net,rD69lNQHxTmQ,hhamilton7k,6/6/1987
274,Diane,Parker,dparker7l@lulu.com,JBtlC141,dparker7l,25/1/1968
275,Jacqueline,Castillo,jcastillo7m@netscape.com,KXltPX4F7yiR,jcastillo7m,22/8/1996
276,Aaron,Franklin,afranklin7n@addtoany.com,1Rvt34fJbb12,afranklin7n,29/3/1951
277,Alan,Williams,awilliams7o@aol.com,cbXPcUJHZ9b,awilliams7o,29/10/1963
278,Margaret,Burns,mburns7p@walmart.com,jjZ911tNZ,mburns7p,23/10/1995
279,Nicholas,Perez,nperez7q@usgs.gov,sNVfGTDS,nperez7q,20/4/1975
280,Lillian,Perkins,lperkins7r@twitpic.com,Guwh9gnV2o3r,lperkins7r,16/10/1946
281,Steven,Moore,smoore7s@mit.edu,tjeitw,smoore7s,24/7/1947
282,Eugene,Robertson,erobertson7t@bluehost.com,HlEpWd9B,erobertson7t,7/2/1967
283,Angela,Meyer,ameyer7u@drupal.org,kfE7fi0X4,ameyer7u,24/6/1996
284,Amanda,Ross,aross7v@narod.ru,dq05Q36tQ2by,aross7v,6/1/1966
285,Margaret,Elliott,melliott7w@stanford.edu,A0h8BG1pS,melliott7w,20/2/1975
286,Deborah,Gomez,dgomez7x@auda.org.au,0CKVmgj9ES5,dgomez7x,21/10/1962
287,Joshua,Hunt,jhunt7y@vkontakte.ru,I8at1uNyb,jhunt7y,2/4/1989
288,Nicole,Sullivan,nsullivan7z@histats.com,uFADEKzyGM9,nsullivan7z,6/11/1960
289,Antonio,Williams,awilliams80@addthis.com,K1il1WlTM,awilliams80,7/1/1963
290,Jennifer,Gonzalez,jgonzalez81@gravatar.com,sABSJbBHDirr,jgonzalez81,18/4/1979
291,Elizabeth,James,ejames82@over-blog.com,R9m4x6S0AZ,ejames82,5/11/1954
292,Margaret,Wallace,mwallace83@cnet.com,G7RHl3cP,mwallace83,3/6/1975
293,Chris,Gomez,cgomez84@latimes.com,YAne7S5z,cgomez84,17/3/1991
294,Stephanie,Pierce,spierce85@spotify.com,mrkp8XzU3v,spierce85,15/12/1975
295,Howard,Stewart,hstewart86@prweb.com,t2QaKxxM1AiM,hstewart86,11/8/1969
296,Chris,Cole,ccole87@behance.net,UIhMLLN7,ccole87,3/10/1991
297,Evelyn,Reid,ereid88@51.la,bvEpsf57pv9G,ereid88,30/4/1991
298,Cynthia,Bennett,cbennett89@usnews.com,kXu1OXWlUoy,cbennett89,12/8/1987
299,Chris,Thompson,cthompson8a@xrea.com,U6JTWBo85X,cthompson8a,1/5/1963
300,Charles,West,cwest8b@va.gov,HXMr0VipbmIg,cwest8b,30/4/1952
301,Linda,Barnes,lbarnes8c@123-reg.co.uk,dWhhdWqea5r,lbarnes8c,17/1/1993
302,Roy,Schmidt,rschmidt8d@wisc.edu,1CEBnXf,rschmidt8d,23/6/1966
303,Sandra,Gonzalez,sgonzalez8e@samsung.com,sUBX1vf,sgonzalez8e,2/3/1994
304,Pamela,Rodriguez,prodriguez8f@icio.us,OxnKZDJoM,prodriguez8f,4/10/1985
305,Michael,Butler,mbutler8g@plala.or.jp,jdm8at,mbutler8g,13/11/1995
306,Lawrence,Berry,lberry8h@reddit.com,bto4Ke5iBKlP,lberry8h,6/10/1959
307,Joan,Parker,jparker8i@auda.org.au,If7EhKmgn,jparker8i,23/7/1954
308,Justin,Garza,jgarza8j@dailymail.co.uk,uCM1ilg,jgarza8j,2/2/1977
309,Sandra,Dean,sdean8k@arstechnica.com,REElVeYF6dZ,sdean8k,6/9/1990
310,Frank,Hayes,fhayes8l@alexa.com,N4tH6xtCW,fhayes8l,30/11/1951
311,Michelle,Fields,mfields8m@webeden.co.uk,EoCRrz,mfields8m,16/11/1962
312,Heather,Hughes,hhughes8n@sina.com.cn,mDKrSoZInl09,hhughes8n,14/11/1990
313,Ashley,Davis,adavis8o@earthlink.net,WbuCE4o,adavis8o,8/11/1979
314,Christine,Howell,chowell8p@marketwatch.com,3CqfbsWmQfa,chowell8p,3/4/1958
315,Debra,Lewis,dlewis8q@soundcloud.com,LblTYzXKlmr,dlewis8q,29/10/1964
316,Juan,Torres,jtorres8r@nytimes.com,ts1zQh4iQ,jtorres8r,17/10/1976
317,Clarence,Hayes,chayes8s@sphinn.com,ObHtPV2MI,chayes8s,21/9/1986
318,Beverly,Gardner,bgardner8t@gmpg.org,cMLhMcSv,bgardner8t,21/10/1959
319,Timothy,Patterson,tpatterson8u@walmart.com,yX5xG7OZ2,tpatterson8u,22/1/1975
320,Kathleen,Sanchez,ksanchez8v@java.com,uss32clz,ksanchez8v,15/2/1947
321,Janet,Boyd,jboyd8w@weibo.com,48xuvo,jboyd8w,1/1/1951
322,Benjamin,Cox,bcox8x@zdnet.com,ORxO6R,bcox8x,17/2/1963
323,Jeremy,Vasquez,jvasquez8y@prnewswire.com,Jss7GH,jvasquez8y,14/8/1953
324,Jeremy,Carpenter,jcarpenter8z@theatlantic.com,CMkEySUa,jcarpenter8z,30/7/1961
325,Tammy,Robinson,trobinson90@histats.com,COqubMxihKDV,trobinson90,15/5/1974
326,Joyce,Grant,jgrant91@imdb.com,IarnTRU,jgrant91,20/6/1988
327,Eric,Larson,elarson92@jimdo.com,d7ZhBztNpjGb,elarson92,13/10/1993
328,Jason,Brown,jbrown93@imdb.com,LIF2I1gM,jbrown93,14/3/1948
329,Peter,Torres,ptorres94@vk.com,4GXxWpf6cApx,ptorres94,8/2/1974
330,Phyllis,Little,plittle95@sitemeter.com,8Opwqjwk,plittle95,19/9/1977
331,Julia,Elliott,jelliott96@sourceforge.net,8P8Ekc4qv8K,jelliott96,16/6/1948
332,Susan,Boyd,sboyd97@miitbeian.gov.cn,lUSceqeTg,sboyd97,24/10/1947
333,Nicholas,Bailey,nbailey98@soup.io,Nb7vhIq3Y4dG,nbailey98,21/4/1956
334,Willie,Patterson,wpatterson99@columbia.edu,ztQaIZ,wpatterson99,25/11/1984
335,Kimberly,Wright,kwright9a@discuz.net,Zy0ygTdOrPz,kwright9a,10/8/1949
336,Bonnie,Pierce,bpierce9b@bing.com,SqzXUQ,bpierce9b,5/12/1986
337,Scott,Freeman,sfreeman9c@japanpost.jp,1e29a5o,sfreeman9c,25/1/1982
338,Robert,Simmons,rsimmons9d@nytimes.com,ZBlDlK,rsimmons9d,13/5/1961
339,William,Edwards,wedwards9e@alibaba.com,ju12MZC,wedwards9e,15/3/1974
340,Philip,White,pwhite9f@weather.com,gZeoTqlnB,pwhite9f,21/8/1982
341,Donald,Welch,dwelch9g@w3.org,isGi7UfDbK,dwelch9g,2/10/1970
342,Amanda,Sanchez,asanchez9h@stanford.edu,u251YOiTsk,asanchez9h,14/8/1977
343,James,Lopez,jlopez9i@hostgator.com,lf8jH40uE9R,jlopez9i,6/6/1969
344,Ruby,Romero,rromero9j@economist.com,IQIzRTc47SxB,rromero9j,9/5/1984
345,Robert,Lawson,rlawson9k@house.gov,9qRI0Ro,rlawson9k,12/10/1960
346,Frances,Black,fblack9l@163.com,Z8EVtpj,fblack9l,8/8/1988
347,Jose,Bennett,jbennett9m@pen.io,MoWNE88l,jbennett9m,17/11/1986
348,Patrick,Lewis,plewis9n@shareasale.com,RuOmbkITCzV,plewis9n,29/5/1973
349,Ronald,Torres,rtorres9o@accuweather.com,InkYrFuk,rtorres9o,11/6/1958
350,Shirley,Day,sday9p@freewebs.com,2iVmQ7W2F,sday9p,2/12/1965
351,Jeremy,Gonzalez,jgonzalez9q@e-recht24.de,bc6Ysf,jgonzalez9q,7/10/1990
352,Richard,Fox,rfox9r@scribd.com,Jc4WpzeFf3q,rfox9r,30/10/1981
353,Gregory,Fox,gfox9s@yandex.ru,oLgGz5W,gfox9s,26/8/1968
354,Joyce,Harrison,jharrison9t@lulu.com,phu46bKyC,jharrison9t,3/2/1968
355,Cynthia,Perry,cperry9u@fema.gov,wCBVOZ0ISN,cperry9u,4/2/1986
356,Jerry,Coleman,jcoleman9v@go.com,UqHHMa7WJb,jcoleman9v,11/7/1984
357,Amy,Nelson,anelson9w@clickbank.net,fNSYfz,anelson9w,9/11/1960
358,Mildred,Ruiz,mruiz9x@howstuffworks.com,91HOCG226q,mruiz9x,1/5/1970
359,Kenneth,Cook,kcook9y@dropbox.com,P50J0sX,kcook9y,18/10/1986
360,Sean,Lynch,slynch9z@geocities.jp,IoiqmI,slynch9z,20/6/1977
361,Fred,Bennett,fbennetta0@csmonitor.com,0Ovw6z,fbennetta0,2/5/1962
362,Elizabeth,Fuller,efullera1@nba.com,AM4lp1,efullera1,19/9/1983
363,Nicole,Duncan,nduncana2@dot.gov,1ljs0RqIk,nduncana2,25/12/1984
364,Raymond,Ward,rwarda3@chronoengine.com,vrw4CG,rwarda3,4/4/1975
365,Jose,Hall,jhalla4@godaddy.com,jn27yIk,jhalla4,2/7/1964
366,Howard,Diaz,hdiaza5@phpbb.com,iSQoHi3,hdiaza5,20/8/1988
367,Harry,Matthews,hmatthewsa6@stanford.edu,tr9A3y5,hmatthewsa6,6/10/1951
368,Elizabeth,Torres,etorresa7@yelp.com,pA04EvCG6ON,etorresa7,12/8/1991
369,Anthony,Stewart,astewarta8@topsy.com,x7194hXuXjb,astewarta8,21/2/1979
370,Gloria,Vasquez,gvasqueza9@github.io,kWxD5Zi0Ddl,gvasqueza9,19/9/1963
371,Steven,Henry,shenryaa@skype.com,Q4hP7BWOnS,shenryaa,5/3/1991
372,Harry,Romero,hromeroab@sphinn.com,g0X1amA5,hromeroab,2/3/1956
373,Harold,Scott,hscottac@hexun.com,WNpDpUFi2,hscottac,16/12/1984
374,Amanda,Morgan,amorganad@merriam-webster.com,2PLLvntVU,amorganad,5/10/1979
375,Betty,Gonzalez,bgonzalezae@homestead.com,E3RVBfPL5E,bgonzalezae,1/1/1959
376,Robert,Richards,rrichardsaf@theatlantic.com,lqlCLf8kCR3,rrichardsaf,24/4/1977
377,Billy,Larson,blarsonag@ameblo.jp,oI1QkP3W5Ro,blarsonag,28/5/1948
378,Angela,Gray,agrayah@squarespace.com,45LS4WHvqmtu,agrayah,8/7/1995
379,Anna,Schmidt,aschmidtai@state.gov,TBUCQCccWmG,aschmidtai,19/11/1957
380,Lawrence,Murray,lmurrayaj@ebay.co.uk,7qfoSBazzXgE,lmurrayaj,30/10/1948
381,Kathryn,Wagner,kwagnerak@webs.com,rrQCBaCeEXO,kwagnerak,25/12/1957
382,Joan,Richardson,jrichardsonal@unblog.fr,4OJMbt,jrichardsonal,6/3/1955
383,Ryan,Martin,rmartinam@amazon.co.uk,gNNZpqjp2pC7,rmartinam,25/1/1983
384,Stephen,Banks,sbanksan@list-manage.com,gJsXzoN,sbanksan,17/5/1985
385,Billy,Moore,bmooreao@mozilla.org,Al14CWAf,bmooreao,14/6/1969
386,Paul,Daniels,pdanielsap@pinterest.com,lErMvR2KUu,pdanielsap,16/1/1997
387,Jose,Rose,jroseaq@sphinn.com,ASmdIxS,jroseaq,29/5/1960
388,Bobby,Patterson,bpattersonar@hud.gov,0Ei7OZtZ,bpattersonar,9/9/1988
389,Roy,Allen,rallenas@free.fr,MkC6hmA3,rallenas,18/5/1972
390,John,Howard,jhowardat@usatoday.com,Ou8vCZ3QPfM,jhowardat,4/6/1966
391,Shirley,Russell,srussellau@disqus.com,GZdI6JgAH,srussellau,30/6/1976
392,Patrick,Marshall,pmarshallav@vimeo.com,J5ii54I7s,pmarshallav,27/9/1974
393,Carolyn,Ruiz,cruizaw@china.com.cn,lbQQvpy,cruizaw,2/11/1978
394,Brian,Wilson,bwilsonax@ycombinator.com,o4acvFwNvY,bwilsonax,11/7/1968
395,David,Evans,devansay@ox.ac.uk,bSUutLzZW,devansay,18/8/1990
396,Susan,Morales,smoralesaz@fc2.com,XDARqjPH,smoralesaz,3/6/1995
397,Nicole,Lawson,nlawsonb0@imdb.com,hkOOW7z,nlawsonb0,28/9/1996
398,Roy,Murphy,rmurphyb1@w3.org,aLKuMvM,rmurphyb1,6/2/1970
399,Shirley,Carroll,scarrollb2@telegraph.co.uk,Gu6Cec5uo4,scarrollb2,9/9/1965
400,Jose,Barnes,jbarnesb3@mac.com,9TIms3UOUlye,jbarnesb3,24/5/1975
401,Robin,Bradley,rbradleyb4@guardian.co.uk,aFSKqv9j2K,rbradleyb4,3/10/1972
402,Thomas,Day,tdayb5@livejournal.com,BYgs4QJWr3o,tdayb5,8/11/1974
403,Jeffrey,Adams,jadamsb6@shop-pro.jp,0IkiIbmBCI,jadamsb6,11/3/1977
404,Deborah,Long,dlongb7@mail.ru,ar9oKVHG7L,dlongb7,28/1/1990
405,Juan,Hunt,jhuntb8@scribd.com,GujNB90hKv,jhuntb8,20/6/1975
406,Aaron,Weaver,aweaverb9@google.fr,pyCv4cfIY91,aweaverb9,13/1/1961
407,Lori,Rice,lriceba@ucoz.ru,JFpjMXtfe,lriceba,24/4/1964
408,Lori,Garcia,lgarciabb@chicagotribune.com,jPXT76dY9w,lgarciabb,30/8/1983
409,Brian,Romero,bromerobc@marriott.com,c2KhoO,bromerobc,10/9/1986
410,Gregory,Wallace,gwallacebd@bbb.org,HitZtsMZSa9,gwallacebd,24/10/1952
411,Aaron,Morales,amoralesbe@netscape.com,OObeoKns46F,amoralesbe,23/1/1979
412,Arthur,Hernandez,ahernandezbf@printfriendly.com,3MBbxdXRd1,ahernandezbf,6/5/1970
413,Jimmy,Stanley,jstanleybg@sogou.com,T2NJHtKyAua8,jstanleybg,27/4/1979
414,Ann,Wood,awoodbh@webmd.com,iZ7AMmVlXPYH,awoodbh,9/9/1965
415,Cheryl,Burns,cburnsbi@prnewswire.com,VaIw7Kipm,cburnsbi,11/10/1995
416,Marie,Franklin,mfranklinbj@cbslocal.com,vfD0iwEP,mfranklinbj,22/2/1952
417,Debra,Perez,dperezbk@hostgator.com,TA5IEc3eGwLF,dperezbk,20/5/1945
418,Earl,Moore,emoorebl@dedecms.com,cccjkguy,emoorebl,3/12/1945
419,Cheryl,Hill,chillbm@twitter.com,WyiMq3,chillbm,9/7/1951
420,Donna,Garza,dgarzabn@baidu.com,LheUgRkQMD,dgarzabn,8/11/1978
421,Arthur,Cook,acookbo@godaddy.com,GACD7jtuZ1oh,acookbo,2/8/1973
422,Billy,Harris,bharrisbp@furl.net,nNgZRCVKE5lP,bharrisbp,2/4/1954
423,Sandra,Nichols,snicholsbq@globo.com,4Icas6n,snicholsbq,20/8/1991
424,Stephen,Robertson,srobertsonbr@unesco.org,lKEKkdCkA,srobertsonbr,1/11/1945
425,Lois,Gibson,lgibsonbs@seattletimes.com,hIPA80Cb3,lgibsonbs,12/12/1947
426,Catherine,Anderson,candersonbt@feedburner.com,fU7l6i,candersonbt,8/6/1946
427,Roger,Lee,rleebu@time.com,TmZ9qGHDvwg,rleebu,26/1/1980
428,Alan,Snyder,asnyderbv@walmart.com,pMHSYCPtU,asnyderbv,11/4/1947
429,Jessica,Medina,jmedinabw@google.ru,I17tO7fHt2W,jmedinabw,18/6/1983
430,Mildred,Carr,mcarrbx@homestead.com,ZSxR8ECiE,mcarrbx,9/1/1987
431,Fred,Ramirez,framirezby@mlb.com,WxTCPQkcXLg,framirezby,26/6/1965
432,Samuel,Porter,sporterbz@cornell.edu,6XFYOtN6j,sporterbz,17/4/1978
433,Steve,Stewart,sstewartc0@dion.ne.jp,UYxhI1e1,sstewartc0,21/8/1962
434,Joyce,Wheeler,jwheelerc1@amazon.co.uk,IH0VOJUBG,jwheelerc1,10/6/1979
435,Barbara,Richards,brichardsc2@nsw.gov.au,Bs21imsHn,brichardsc2,15/8/1964
436,Jeffrey,Kim,jkimc3@unicef.org,8eOGuhfH,jkimc3,14/4/1995
437,Sandra,Washington,swashingtonc4@bloomberg.com,YmR9y2,swashingtonc4,29/10/1983
438,Roger,Reed,rreedc5@vinaora.com,FnRldZ,rreedc5,17/2/1983
439,George,Oliver,goliverc6@quantcast.com,mRR0inxesnU,goliverc6,9/5/1976
440,Shawn,Harper,sharperc7@eventbrite.com,TJxfBWy,sharperc7,24/3/1964
441,Maria,Harris,mharrisc8@discuz.net,GHVnW8zxi,mharrisc8,20/9/1957
442,Joshua,Sullivan,jsullivanc9@shinystat.com,AuswygJ1sje,jsullivanc9,27/7/1958
443,Ann,Tucker,atuckerca@tiny.cc,hwVspMGGp7N7,atuckerca,14/4/1948
444,Lois,Fisher,lfishercb@wikispaces.com,PRwJjOax0xNQ,lfishercb,21/5/1973
445,Dorothy,Graham,dgrahamcc@weibo.com,yUWMg8t8IcT,dgrahamcc,4/3/1962
446,Stephanie,Wright,swrightcd@ezinearticles.com,4az7NwiH,swrightcd,12/4/1995
447,Anna,Duncan,aduncance@ted.com,dyVFBs7T,aduncance,24/7/1955
448,Doris,Olson,dolsoncf@wikimedia.org,3r6vIx,dolsoncf,30/5/1973
449,Adam,Freeman,afreemancg@washington.edu,tn8vkQ1Niz0Q,afreemancg,13/8/1970
450,Eric,Rose,erosech@ycombinator.com,3js6fMTkHNf,erosech,23/10/1979
451,Mildred,Hamilton,mhamiltonci@scribd.com,KruBf0LF8,mhamiltonci,19/6/1952
452,Jacqueline,Kim,jkimcj@chicagotribune.com,nTbDUV7I1e,jkimcj,11/7/1968
453,Terry,Long,tlongck@netvibes.com,8JZ6q0Wd,tlongck,6/11/1986
454,Ralph,Garza,rgarzacl@last.fm,MeuS9FE,rgarzacl,26/1/1959
455,Eric,Holmes,eholmescm@ftc.gov,r4r6nEh,eholmescm,7/8/1963
456,Nancy,Ford,nfordcn@umich.edu,tiO4AXGU643,nfordcn,15/5/1993
457,Carlos,Harper,charperco@unesco.org,QMmFQWPUDOdi,charperco,12/7/1980
458,Lois,Henry,lhenrycp@netlog.com,T2ug4fMbkexI,lhenrycp,5/1/1964
459,Jerry,Willis,jwilliscq@jugem.jp,DHgrHW,jwilliscq,18/7/1993
460,Ronald,Ford,rfordcr@yale.edu,EJa2sn5m,rfordcr,27/7/1981
461,Margaret,Parker,mparkercs@examiner.com,2B4b1zPvA,mparkercs,26/1/1966
462,Eric,Lopez,elopezct@phoca.cz,KadJEqCZopbp,elopezct,20/3/1968
463,Victor,Moore,vmoorecu@ted.com,EJj8G9P55I,vmoorecu,13/10/1957
464,Frank,Ford,ffordcv@yahoo.com,tzR4tESE68l,ffordcv,30/6/1964
465,Irene,Lane,ilanecw@odnoklassniki.ru,dAR72IiAAa,ilanecw,28/9/1946
466,Samuel,Henderson,shendersoncx@tripadvisor.com,nj845rfNT,shendersoncx,22/3/1954
467,Patrick,Butler,pbutlercy@psu.edu,8t5nmGzNxsJ,pbutlercy,6/9/1955
468,Rose,Stanley,rstanleycz@360.cn,qCgx4gl9HlO,rstanleycz,4/3/1966
469,Kelly,Howell,khowelld0@google.co.uk,SZfzbj,khowelld0,28/5/1956
470,Lisa,Garrett,lgarrettd1@bigcartel.com,kNBZodHqg7,lgarrettd1,7/2/1997
471,Anne,Williamson,awilliamsond2@phoca.cz,Tc5xYXy,awilliamsond2,23/4/1952
472,Paula,Stevens,pstevensd3@theatlantic.com,JJ1hYeQPrBO,pstevensd3,8/1/1982
473,Dennis,Fields,dfieldsd4@shutterfly.com,oL6uP40XEim,dfieldsd4,4/10/1960
474,Todd,James,tjamesd5@tmall.com,0itMU5jLpfP,tjamesd5,10/9/1969
475,Dennis,Stanley,dstanleyd6@youtu.be,Nzd9s9T,dstanleyd6,3/11/1958
476,William,Cole,wcoled7@livejournal.com,VKKN1oTICN,wcoled7,8/6/1945
477,Dennis,Marshall,dmarshalld8@ifeng.com,dE36av,dmarshalld8,3/12/1954
478,Donna,Larson,dlarsond9@free.fr,HiWDdp1O4qm,dlarsond9,8/1/1960
479,Albert,White,awhiteda@mediafire.com,bs2knypVV30,awhiteda,6/8/1949
480,Jennifer,Shaw,jshawdb@ameblo.jp,LV7f0ey42A,jshawdb,11/3/1953
481,Christina,Lynch,clynchdc@samsung.com,lL9WSLxHiFV2,clynchdc,15/10/1987
482,Lisa,Watson,lwatsondd@wikipedia.org,jbOpDEgElD,lwatsondd,30/10/1945
483,Clarence,Lopez,clopezde@rediff.com,zMUsZSQKbwT,clopezde,19/2/1995
484,Mary,Carroll,mcarrolldf@aboutads.info,2HRMnav64cm,mcarrolldf,29/8/1957
485,Terry,Stephens,tstephensdg@mail.ru,eYKngWIZdxx,tstephensdg,31/10/1950
486,Harry,White,hwhitedh@patch.com,Gu2JZw7xPdsB,hwhitedh,17/10/1980
487,Julie,Shaw,jshawdi@nps.gov,Xkg4f8K,jshawdi,30/10/1983
488,Justin,Gardner,jgardnerdj@aboutads.info,CJ7yOQihRN,jgardnerdj,6/9/1989
489,Jennifer,Nichols,jnicholsdk@nydailynews.com,sPBECYzRSy9,jnicholsdk,20/6/1994
490,Frank,Stone,fstonedl@bbc.co.uk,BfSYyOVhF,fstonedl,11/1/1982
491,Teresa,Williamson,twilliamsondm@jalbum.net,RjejTxq,twilliamsondm,5/11/1985
492,Jack,Fox,jfoxdn@hubpages.com,1PxQoJiC,jfoxdn,9/11/1946
493,Russell,Bell,rbelldo@mit.edu,65LOOEFh3,rbelldo,9/5/1973
494,Nicholas,Bishop,nbishopdp@wunderground.com,dhaU3iVp,nbishopdp,5/10/1992
495,Jesse,Stevens,jstevensdq@skyrock.com,8YU16p,jstevensdq,18/10/1972
496,Julie,Perry,jperrydr@simplemachines.org,wPFLT5ch,jperrydr,19/2/1975
497,Robert,Shaw,rshawds@angelfire.com,4z16oghYuX3,rshawds,3/7/1945
498,Theresa,Cunningham,tcunninghamdt@patch.com,l0xmKANFmL,tcunninghamdt,14/8/1977
499,Samuel,Graham,sgrahamdu@bloglines.com,jzIPjYLBZp,sgrahamdu,20/12/1952
500,Kevin,Cooper,kcooperdv@yandex.ru,sTG6wwyIexL,kcooperdv,25/2/1962
